Any,Codi_Districte,Nom_Districte,Codi_Barri,Nom_Barri,Seccio_Censal,Import_Renda_Bruta_€
2021,1,Ciutat Vella,1,el Raval,1,13657
2021,1,Ciutat Vella,1,el Raval,2,10724
2021,1,Ciutat Vella,1,el Raval,3,11017
2021,1,Ciutat Vella,1,el Raval,4,13156
2021,1,Ciutat Vella,1,el Raval,5,11426
2021,1,Ciutat Vella,1,el Raval,6,12444
2021,1,Ciutat Vella,1,el Raval,7,11809
2021,1,Ciutat Vella,1,el Raval,8,8836
2021,1,Ciutat Vella,1,el Raval,9,11919
2021,1,Ciutat Vella,1,el Raval,10,10457
2021,1,Ciutat Vella,1,el Raval,11,9366
2021,1,Ciutat Vella,1,el Raval,12,12561
2021,1,Ciutat Vella,1,el Raval,13,12656
2021,1,Ciutat Vella,1,el Raval,14,11673
2021,1,Ciutat Vella,1,el Raval,15,12404
2021,1,Ciutat Vella,1,el Raval,16,11261
2021,1,Ciutat Vella,1,el Raval,17,10471
2021,1,Ciutat Vella,1,el Raval,18,11415
2021,1,Ciutat Vella,1,el Raval,19,11327
2021,1,Ciutat Vella,1,el Raval,20,18374
2021,1,Ciutat Vella,1,el Raval,21,17848
2021,1,Ciutat Vella,2,el Barri Gòtic,22,22371
2021,1,Ciutat Vella,2,el Barri Gòtic,23,19441
2021,1,Ciutat Vella,2,el Barri Gòtic,25,17934
2021,1,Ciutat Vella,2,el Barri Gòtic,26,18988
2021,1,Ciutat Vella,2,el Barri Gòtic,27,16470
2021,1,Ciutat Vella,2,el Barri Gòtic,28,15535
2021,1,Ciutat Vella,2,el Barri Gòtic,29,13854
2021,1,Ciutat Vella,2,el Barri Gòtic,30,13842
2021,1,Ciutat Vella,2,el Barri Gòtic,31,14534
2021,1,Ciutat Vella,3,la Barceloneta,32,18744
2021,1,Ciutat Vella,3,la Barceloneta,33,15611
2021,1,Ciutat Vella,3,la Barceloneta,34,15965
2021,1,Ciutat Vella,3,la Barceloneta,35,15434
2021,1,Ciutat Vella,3,la Barceloneta,36,16376
2021,1,Ciutat Vella,3,la Barceloneta,37,16069
2021,1,Ciutat Vella,3,la Barceloneta,38,14433
2021,1,Ciutat Vella,3,la Barceloneta,39,16050
2021,1,Ciutat Vella,3,la Barceloneta,40,16395
2021,1,Ciutat Vella,3,la Barceloneta,41,14349
2021,1,Ciutat Vella,3,la Barceloneta,42,16426
2021,1,Ciutat Vella,4,"Sant Pere, Santa Caterina i la Ribera",43,23526
2021,1,Ciutat Vella,4,"Sant Pere, Santa Caterina i la Ribera",44,20807
2021,1,Ciutat Vella,4,"Sant Pere, Santa Caterina i la Ribera",45,17731
2021,1,Ciutat Vella,4,"Sant Pere, Santa Caterina i la Ribera",46,17157
2021,1,Ciutat Vella,4,"Sant Pere, Santa Caterina i la Ribera",47,16625
2021,1,Ciutat Vella,4,"Sant Pere, Santa Caterina i la Ribera",48,12943
2021,1,Ciutat Vella,4,"Sant Pere, Santa Caterina i la Ribera",49,17305
2021,1,Ciutat Vella,4,"Sant Pere, Santa Caterina i la Ribera",50,17106
2021,1,Ciutat Vella,4,"Sant Pere, Santa Caterina i la Ribera",51,14748
2021,1,Ciutat Vella,4,"Sant Pere, Santa Caterina i la Ribera",52,23329
2021,1,Ciutat Vella,4,"Sant Pere, Santa Caterina i la Ribera",53,15094
2021,1,Ciutat Vella,4,"Sant Pere, Santa Caterina i la Ribera",54,16704
2021,1,Ciutat Vella,4,"Sant Pere, Santa Caterina i la Ribera",55,21933
2021,2,L'Eixample,5,el Fort Pienc,1,22351
2021,2,L'Eixample,5,el Fort Pienc,2,23052
2021,2,L'Eixample,5,el Fort Pienc,3,26314
2021,2,L'Eixample,5,el Fort Pienc,4,19376
2021,2,L'Eixample,5,el Fort Pienc,5,25631
2021,2,L'Eixample,5,el Fort Pienc,6,26360
2021,2,L'Eixample,5,el Fort Pienc,7,27272
2021,2,L'Eixample,5,el Fort Pienc,8,24757
2021,2,L'Eixample,5,el Fort Pienc,9,24211
2021,2,L'Eixample,5,el Fort Pienc,10,22679
2021,2,L'Eixample,5,el Fort Pienc,11,23743
2021,2,L'Eixample,5,el Fort Pienc,12,19064
2021,2,L'Eixample,5,el Fort Pienc,13,20484
2021,2,L'Eixample,5,el Fort Pienc,14,18642
2021,2,L'Eixample,5,el Fort Pienc,15,18916
2021,2,L'Eixample,5,el Fort Pienc,16,25305
2021,2,L'Eixample,5,el Fort Pienc,17,25128
2021,2,L'Eixample,5,el Fort Pienc,18,25001
2021,2,L'Eixample,5,el Fort Pienc,19,22942
2021,2,L'Eixample,5,el Fort Pienc,20,20469
2021,2,L'Eixample,6,la Sagrada Família,21,21700
2021,2,L'Eixample,6,la Sagrada Família,22,22602
2021,2,L'Eixample,6,la Sagrada Família,23,23583
2021,2,L'Eixample,6,la Sagrada Família,24,21354
2021,2,L'Eixample,6,la Sagrada Família,25,21398
2021,2,L'Eixample,6,la Sagrada Família,26,22995
2021,2,L'Eixample,6,la Sagrada Família,27,22505
2021,2,L'Eixample,6,la Sagrada Família,28,22400
2021,2,L'Eixample,6,la Sagrada Família,29,23295
2021,2,L'Eixample,6,la Sagrada Família,30,18101
2021,2,L'Eixample,6,la Sagrada Família,31,24590
2021,2,L'Eixample,6,la Sagrada Família,32,22673
2021,2,L'Eixample,6,la Sagrada Família,33,21652
2021,2,L'Eixample,6,la Sagrada Família,34,19601
2021,2,L'Eixample,6,la Sagrada Família,35,22635
2021,2,L'Eixample,6,la Sagrada Família,36,25121
2021,2,L'Eixample,6,la Sagrada Família,37,25645
2021,2,L'Eixample,6,la Sagrada Família,38,25684
2021,2,L'Eixample,6,la Sagrada Família,39,21858
2021,2,L'Eixample,6,la Sagrada Família,40,19802
2021,2,L'Eixample,6,la Sagrada Família,41,22447
2021,2,L'Eixample,6,la Sagrada Família,42,25728
2021,2,L'Eixample,6,la Sagrada Família,43,24084
2021,2,L'Eixample,6,la Sagrada Família,44,19490
2021,2,L'Eixample,6,la Sagrada Família,45,23755
2021,2,L'Eixample,6,la Sagrada Família,46,20591
2021,2,L'Eixample,6,la Sagrada Família,47,21981
2021,2,L'Eixample,6,la Sagrada Família,48,20853
2021,2,L'Eixample,6,la Sagrada Família,49,20907
2021,2,L'Eixample,6,la Sagrada Família,50,22297
2021,2,L'Eixample,6,la Sagrada Família,51,19902
2021,2,L'Eixample,6,la Sagrada Família,52,23820
2021,2,L'Eixample,6,la Sagrada Família,53,24803
2021,2,L'Eixample,6,la Sagrada Família,54,23912
2021,2,L'Eixample,7,la Dreta de l'Eixample,55,24487
2021,2,L'Eixample,7,la Dreta de l'Eixample,56,25304
2021,2,L'Eixample,7,la Dreta de l'Eixample,57,29645
2021,2,L'Eixample,7,la Dreta de l'Eixample,58,28757
2021,2,L'Eixample,7,la Dreta de l'Eixample,59,29259
2021,2,L'Eixample,7,la Dreta de l'Eixample,60,26888
2021,2,L'Eixample,7,la Dreta de l'Eixample,61,25244
2021,2,L'Eixample,7,la Dreta de l'Eixample,62,29758
2021,2,L'Eixample,7,la Dreta de l'Eixample,63,37448
2021,2,L'Eixample,7,la Dreta de l'Eixample,64,33684
2021,2,L'Eixample,7,la Dreta de l'Eixample,65,27512
2021,2,L'Eixample,7,la Dreta de l'Eixample,66,25876
2021,2,L'Eixample,7,la Dreta de l'Eixample,67,22999
2021,2,L'Eixample,7,la Dreta de l'Eixample,68,23973
2021,2,L'Eixample,7,la Dreta de l'Eixample,69,28807
2021,2,L'Eixample,7,la Dreta de l'Eixample,70,32592
2021,2,L'Eixample,7,la Dreta de l'Eixample,71,31844
2021,2,L'Eixample,7,la Dreta de l'Eixample,72,35392
2021,2,L'Eixample,7,la Dreta de l'Eixample,73,31202
2021,2,L'Eixample,7,la Dreta de l'Eixample,74,31083
2021,2,L'Eixample,7,la Dreta de l'Eixample,75,29343
2021,2,L'Eixample,7,la Dreta de l'Eixample,76,32109
2021,2,L'Eixample,7,la Dreta de l'Eixample,77,27615
2021,2,L'Eixample,7,la Dreta de l'Eixample,78,32058
2021,2,L'Eixample,7,la Dreta de l'Eixample,79,37447
2021,2,L'Eixample,7,la Dreta de l'Eixample,80,36294
2021,2,L'Eixample,7,la Dreta de l'Eixample,81,33930
2021,2,L'Eixample,7,la Dreta de l'Eixample,82,31703
2021,2,L'Eixample,7,la Dreta de l'Eixample,83,36269
2021,2,L'Eixample,8,l'Antiga Esquerra de l'Eixample,84,28493
2021,2,L'Eixample,8,l'Antiga Esquerra de l'Eixample,85,31899
2021,2,L'Eixample,8,l'Antiga Esquerra de l'Eixample,86,32274
2021,2,L'Eixample,8,l'Antiga Esquerra de l'Eixample,87,28692
2021,2,L'Eixample,8,l'Antiga Esquerra de l'Eixample,88,32741
2021,2,L'Eixample,8,l'Antiga Esquerra de l'Eixample,89,30101
2021,2,L'Eixample,8,l'Antiga Esquerra de l'Eixample,90,25004
2021,2,L'Eixample,8,l'Antiga Esquerra de l'Eixample,91,27560
2021,2,L'Eixample,8,l'Antiga Esquerra de l'Eixample,92,25003
2021,2,L'Eixample,8,l'Antiga Esquerra de l'Eixample,93,27328
2021,2,L'Eixample,8,l'Antiga Esquerra de l'Eixample,94,26503
2021,2,L'Eixample,8,l'Antiga Esquerra de l'Eixample,95,26890
2021,2,L'Eixample,8,l'Antiga Esquerra de l'Eixample,96,24676
2021,2,L'Eixample,8,l'Antiga Esquerra de l'Eixample,97,23581
2021,2,L'Eixample,8,l'Antiga Esquerra de l'Eixample,98,26441
2021,2,L'Eixample,8,l'Antiga Esquerra de l'Eixample,99,28291
2021,2,L'Eixample,8,l'Antiga Esquerra de l'Eixample,100,26936
2021,2,L'Eixample,8,l'Antiga Esquerra de l'Eixample,101,25527
2021,2,L'Eixample,8,l'Antiga Esquerra de l'Eixample,102,30359
2021,2,L'Eixample,8,l'Antiga Esquerra de l'Eixample,103,23203
2021,2,L'Eixample,8,l'Antiga Esquerra de l'Eixample,104,29230
2021,2,L'Eixample,8,l'Antiga Esquerra de l'Eixample,105,23629
2021,2,L'Eixample,8,l'Antiga Esquerra de l'Eixample,106,31333
2021,2,L'Eixample,8,l'Antiga Esquerra de l'Eixample,107,30949
2021,2,L'Eixample,8,l'Antiga Esquerra de l'Eixample,108,32455
2021,2,L'Eixample,8,l'Antiga Esquerra de l'Eixample,109,34758
2021,2,L'Eixample,9,la Nova Esquerra de l'Eixample,110,26055
2021,2,L'Eixample,9,la Nova Esquerra de l'Eixample,111,26191
2021,2,L'Eixample,9,la Nova Esquerra de l'Eixample,112,33303
2021,2,L'Eixample,9,la Nova Esquerra de l'Eixample,113,30950
2021,2,L'Eixample,9,la Nova Esquerra de l'Eixample,114,25783
2021,2,L'Eixample,9,la Nova Esquerra de l'Eixample,115,26104
2021,2,L'Eixample,9,la Nova Esquerra de l'Eixample,116,31310
2021,2,L'Eixample,9,la Nova Esquerra de l'Eixample,117,25967
2021,2,L'Eixample,9,la Nova Esquerra de l'Eixample,118,29140
2021,2,L'Eixample,9,la Nova Esquerra de l'Eixample,119,27343
2021,2,L'Eixample,9,la Nova Esquerra de l'Eixample,120,26226
2021,2,L'Eixample,9,la Nova Esquerra de l'Eixample,121,27572
2021,2,L'Eixample,9,la Nova Esquerra de l'Eixample,122,29088
2021,2,L'Eixample,9,la Nova Esquerra de l'Eixample,123,26004
2021,2,L'Eixample,9,la Nova Esquerra de l'Eixample,124,27448
2021,2,L'Eixample,9,la Nova Esquerra de l'Eixample,125,25473
2021,2,L'Eixample,9,la Nova Esquerra de l'Eixample,126,26585
2021,2,L'Eixample,9,la Nova Esquerra de l'Eixample,127,24443
2021,2,L'Eixample,9,la Nova Esquerra de l'Eixample,128,22734
2021,2,L'Eixample,9,la Nova Esquerra de l'Eixample,129,24761
2021,2,L'Eixample,9,la Nova Esquerra de l'Eixample,130,37539
2021,2,L'Eixample,9,la Nova Esquerra de l'Eixample,131,24742
2021,2,L'Eixample,9,la Nova Esquerra de l'Eixample,132,25893
2021,2,L'Eixample,9,la Nova Esquerra de l'Eixample,133,26570
2021,2,L'Eixample,9,la Nova Esquerra de l'Eixample,134,23756
2021,2,L'Eixample,9,la Nova Esquerra de l'Eixample,135,22386
2021,2,L'Eixample,9,la Nova Esquerra de l'Eixample,136,25907
2021,2,L'Eixample,9,la Nova Esquerra de l'Eixample,137,22387
2021,2,L'Eixample,9,la Nova Esquerra de l'Eixample,138,25176
2021,2,L'Eixample,9,la Nova Esquerra de l'Eixample,139,23569
2021,2,L'Eixample,9,la Nova Esquerra de l'Eixample,140,24370
2021,2,L'Eixample,9,la Nova Esquerra de l'Eixample,141,23318
2021,2,L'Eixample,9,la Nova Esquerra de l'Eixample,142,21478
2021,2,L'Eixample,9,la Nova Esquerra de l'Eixample,143,23602
2021,2,L'Eixample,9,la Nova Esquerra de l'Eixample,144,27649
2021,2,L'Eixample,9,la Nova Esquerra de l'Eixample,145,22946
2021,2,L'Eixample,9,la Nova Esquerra de l'Eixample,146,22973
2021,2,L'Eixample,9,la Nova Esquerra de l'Eixample,147,23497
2021,2,L'Eixample,9,la Nova Esquerra de l'Eixample,148,25721
2021,2,L'Eixample,9,la Nova Esquerra de l'Eixample,149,22765
2021,2,L'Eixample,10,Sant Antoni,150,20467
2021,2,L'Eixample,10,Sant Antoni,151,23696
2021,2,L'Eixample,10,Sant Antoni,152,25247
2021,2,L'Eixample,10,Sant Antoni,153,24623
2021,2,L'Eixample,10,Sant Antoni,154,19477
2021,2,L'Eixample,10,Sant Antoni,155,20606
2021,2,L'Eixample,10,Sant Antoni,156,22911
2021,2,L'Eixample,10,Sant Antoni,157,21343
2021,2,L'Eixample,10,Sant Antoni,158,22532
2021,2,L'Eixample,10,Sant Antoni,159,22466
2021,2,L'Eixample,10,Sant Antoni,160,25818
2021,2,L'Eixample,10,Sant Antoni,161,22437
2021,2,L'Eixample,10,Sant Antoni,162,21037
2021,2,L'Eixample,10,Sant Antoni,163,25459
2021,2,L'Eixample,10,Sant Antoni,164,24076
2021,2,L'Eixample,10,Sant Antoni,165,23179
2021,2,L'Eixample,10,Sant Antoni,166,21754
2021,2,L'Eixample,10,Sant Antoni,167,22708
2021,2,L'Eixample,10,Sant Antoni,168,22491
2021,2,L'Eixample,10,Sant Antoni,169,21899
2021,2,L'Eixample,10,Sant Antoni,170,21327
2021,2,L'Eixample,10,Sant Antoni,171,19881
2021,2,L'Eixample,10,Sant Antoni,172,20827
2021,2,L'Eixample,10,Sant Antoni,173,22203
2021,3,Sants-Montjuïc,11,el Poble Sec,1,17339
2021,3,Sants-Montjuïc,11,el Poble Sec,2,15941
2021,3,Sants-Montjuïc,11,el Poble Sec,3,15142
2021,3,Sants-Montjuïc,11,el Poble Sec,4,18538
2021,3,Sants-Montjuïc,11,el Poble Sec,5,16862
2021,3,Sants-Montjuïc,11,el Poble Sec,6,16683
2021,3,Sants-Montjuïc,11,el Poble Sec,7,17031
2021,3,Sants-Montjuïc,11,el Poble Sec,8,15773
2021,3,Sants-Montjuïc,11,el Poble Sec,9,17856
2021,3,Sants-Montjuïc,11,el Poble Sec,10,15390
2021,3,Sants-Montjuïc,11,el Poble Sec,11,13723
2021,3,Sants-Montjuïc,11,el Poble Sec,12,16055
2021,3,Sants-Montjuïc,11,el Poble Sec,13,15380
2021,3,Sants-Montjuïc,11,el Poble Sec,14,14569
2021,3,Sants-Montjuïc,11,el Poble Sec,15,15766
2021,3,Sants-Montjuïc,11,el Poble Sec,16,14272
2021,3,Sants-Montjuïc,11,el Poble Sec,17,14134
2021,3,Sants-Montjuïc,11,el Poble Sec,18,16982
2021,3,Sants-Montjuïc,11,el Poble Sec,19,15989
2021,3,Sants-Montjuïc,11,el Poble Sec,20,19278
2021,3,Sants-Montjuïc,11,el Poble Sec,21,18549
2021,3,Sants-Montjuïc,11,el Poble Sec,22,18639
2021,3,Sants-Montjuïc,11,el Poble Sec,23,15679
2021,3,Sants-Montjuïc,11,el Poble Sec,24,16480
2021,3,Sants-Montjuïc,12,la Marina del Prat Vermell,25,13866
2021,3,Sants-Montjuïc,13,la Marina de Port,26,16464
2021,3,Sants-Montjuïc,13,la Marina de Port,27,18571
2021,3,Sants-Montjuïc,13,la Marina de Port,28,21154
2021,3,Sants-Montjuïc,13,la Marina de Port,29,15214
2021,3,Sants-Montjuïc,13,la Marina de Port,30,17502
2021,3,Sants-Montjuïc,13,la Marina de Port,31,16205
2021,3,Sants-Montjuïc,13,la Marina de Port,32,15038
2021,3,Sants-Montjuïc,13,la Marina de Port,33,12157
2021,3,Sants-Montjuïc,13,la Marina de Port,34,16241
2021,3,Sants-Montjuïc,13,la Marina de Port,35,18240
2021,3,Sants-Montjuïc,13,la Marina de Port,36,20007
2021,3,Sants-Montjuïc,13,la Marina de Port,37,19703
2021,3,Sants-Montjuïc,13,la Marina de Port,38,12399
2021,3,Sants-Montjuïc,13,la Marina de Port,39,11756
2021,3,Sants-Montjuïc,14,la Font de la Guatlla,40,22547
2021,3,Sants-Montjuïc,14,la Font de la Guatlla,41,18969
2021,3,Sants-Montjuïc,14,la Font de la Guatlla,42,18361
2021,3,Sants-Montjuïc,14,la Font de la Guatlla,43,20854
2021,3,Sants-Montjuïc,14,la Font de la Guatlla,44,17523
2021,3,Sants-Montjuïc,14,la Font de la Guatlla,45,20096
2021,3,Sants-Montjuïc,14,la Font de la Guatlla,46,23531
2021,3,Sants-Montjuïc,15,Hostafrancs,47,18750
2021,3,Sants-Montjuïc,15,Hostafrancs,48,23157
2021,3,Sants-Montjuïc,15,Hostafrancs,49,20303
2021,3,Sants-Montjuïc,15,Hostafrancs,50,21254
2021,3,Sants-Montjuïc,15,Hostafrancs,51,16473
2021,3,Sants-Montjuïc,15,Hostafrancs,52,18832
2021,3,Sants-Montjuïc,15,Hostafrancs,53,17715
2021,3,Sants-Montjuïc,15,Hostafrancs,54,20221
2021,3,Sants-Montjuïc,15,Hostafrancs,55,19469
2021,3,Sants-Montjuïc,15,Hostafrancs,56,18909
2021,3,Sants-Montjuïc,16,la Bordeta,57,18937
2021,3,Sants-Montjuïc,16,la Bordeta,58,24930
2021,3,Sants-Montjuïc,16,la Bordeta,59,17567
2021,3,Sants-Montjuïc,16,la Bordeta,60,21251
2021,3,Sants-Montjuïc,16,la Bordeta,61,18302
2021,3,Sants-Montjuïc,16,la Bordeta,62,19545
2021,3,Sants-Montjuïc,16,la Bordeta,63,18823
2021,3,Sants-Montjuïc,16,la Bordeta,64,20899
2021,3,Sants-Montjuïc,16,la Bordeta,65,19915
2021,3,Sants-Montjuïc,16,la Bordeta,66,18094
2021,3,Sants-Montjuïc,16,la Bordeta,67,19934
2021,3,Sants-Montjuïc,16,la Bordeta,68,17090
2021,3,Sants-Montjuïc,16,la Bordeta,69,21471
2021,3,Sants-Montjuïc,17,Sants-Badal,70,16250
2021,3,Sants-Montjuïc,17,Sants-Badal,71,16551
2021,3,Sants-Montjuïc,17,Sants-Badal,72,17136
2021,3,Sants-Montjuïc,17,Sants-Badal,73,20905
2021,3,Sants-Montjuïc,17,Sants-Badal,74,20240
2021,3,Sants-Montjuïc,17,Sants-Badal,75,18107
2021,3,Sants-Montjuïc,17,Sants-Badal,76,17788
2021,3,Sants-Montjuïc,17,Sants-Badal,77,17697
2021,3,Sants-Montjuïc,17,Sants-Badal,78,17750
2021,3,Sants-Montjuïc,17,Sants-Badal,79,16067
2021,3,Sants-Montjuïc,17,Sants-Badal,80,18691
2021,3,Sants-Montjuïc,17,Sants-Badal,81,19792
2021,3,Sants-Montjuïc,17,Sants-Badal,82,22314
2021,3,Sants-Montjuïc,17,Sants-Badal,83,21938
2021,3,Sants-Montjuïc,17,Sants-Badal,84,21931
2021,3,Sants-Montjuïc,17,Sants-Badal,85,22426
2021,3,Sants-Montjuïc,18,Sants,86,26167
2021,3,Sants-Montjuïc,18,Sants,87,23893
2021,3,Sants-Montjuïc,18,Sants,88,19862
2021,3,Sants-Montjuïc,18,Sants,89,23022
2021,3,Sants-Montjuïc,18,Sants,90,26449
2021,3,Sants-Montjuïc,18,Sants,91,21824
2021,3,Sants-Montjuïc,18,Sants,92,21648
2021,3,Sants-Montjuïc,18,Sants,93,22233
2021,3,Sants-Montjuïc,18,Sants,94,22935
2021,3,Sants-Montjuïc,18,Sants,95,20960
2021,3,Sants-Montjuïc,18,Sants,96,19554
2021,3,Sants-Montjuïc,18,Sants,97,14888
2021,3,Sants-Montjuïc,18,Sants,98,16863
2021,3,Sants-Montjuïc,18,Sants,99,20691
2021,3,Sants-Montjuïc,18,Sants,100,19640
2021,3,Sants-Montjuïc,18,Sants,101,20266
2021,3,Sants-Montjuïc,18,Sants,102,19818
2021,3,Sants-Montjuïc,18,Sants,103,19787
2021,3,Sants-Montjuïc,18,Sants,104,19405
2021,3,Sants-Montjuïc,18,Sants,105,19527
2021,3,Sants-Montjuïc,18,Sants,106,20697
2021,3,Sants-Montjuïc,18,Sants,107,21366
2021,3,Sants-Montjuïc,18,Sants,108,20200
2021,3,Sants-Montjuïc,18,Sants,109,21508
2021,3,Sants-Montjuïc,18,Sants,110,22725
2021,3,Sants-Montjuïc,18,Sants,111,22762
2021,3,Sants-Montjuïc,18,Sants,112,24178
2021,3,Sants-Montjuïc,18,Sants,113,28873
2021,3,Sants-Montjuïc,18,Sants,114,26595
2021,3,Sants-Montjuïc,13,la Marina de Port,211,17402
2021,3,Sants-Montjuïc,13,la Marina de Port,212,16012
2021,3,Sants-Montjuïc,13,la Marina de Port,213,13321
2021,4,Les Corts,19,les Corts,1,25085
2021,4,Les Corts,19,les Corts,2,28198
2021,4,Les Corts,19,les Corts,3,28190
2021,4,Les Corts,19,les Corts,4,25086
2021,4,Les Corts,19,les Corts,5,24125
2021,4,Les Corts,19,les Corts,6,25505
2021,4,Les Corts,19,les Corts,7,21156
2021,4,Les Corts,19,les Corts,8,22212
2021,4,Les Corts,19,les Corts,9,25093
2021,4,Les Corts,19,les Corts,10,27985
2021,4,Les Corts,19,les Corts,11,30286
2021,4,Les Corts,19,les Corts,12,28152
2021,4,Les Corts,19,les Corts,13,30353
2021,4,Les Corts,19,les Corts,14,33623
2021,4,Les Corts,19,les Corts,15,27748
2021,4,Les Corts,19,les Corts,16,30514
2021,4,Les Corts,19,les Corts,17,29393
2021,4,Les Corts,19,les Corts,18,31173
2021,4,Les Corts,19,les Corts,19,38232
2021,4,Les Corts,19,les Corts,20,31235
2021,4,Les Corts,19,les Corts,21,36344
2021,4,Les Corts,19,les Corts,22,29622
2021,4,Les Corts,19,les Corts,23,46570
2021,4,Les Corts,19,les Corts,24,46570
2021,4,Les Corts,19,les Corts,25,27698
2021,4,Les Corts,19,les Corts,26,29058
2021,4,Les Corts,19,les Corts,27,32603
2021,4,Les Corts,19,les Corts,28,28129
2021,4,Les Corts,19,les Corts,29,32612
2021,4,Les Corts,19,les Corts,30,30109
2021,4,Les Corts,19,les Corts,31,25545
2021,4,Les Corts,19,les Corts,32,23970
2021,4,Les Corts,19,les Corts,33,24163
2021,4,Les Corts,19,les Corts,34,30866
2021,4,Les Corts,19,les Corts,35,29013
2021,4,Les Corts,20,la Maternitat i Sant Ramon,36,23096
2021,4,Les Corts,20,la Maternitat i Sant Ramon,37,25398
2021,4,Les Corts,20,la Maternitat i Sant Ramon,38,25000
2021,4,Les Corts,20,la Maternitat i Sant Ramon,39,23177
2021,4,Les Corts,20,la Maternitat i Sant Ramon,40,18638
2021,4,Les Corts,20,la Maternitat i Sant Ramon,41,20317
2021,4,Les Corts,20,la Maternitat i Sant Ramon,42,19300
2021,4,Les Corts,20,la Maternitat i Sant Ramon,43,29939
2021,4,Les Corts,20,la Maternitat i Sant Ramon,44,22234
2021,4,Les Corts,20,la Maternitat i Sant Ramon,45,21440
2021,4,Les Corts,20,la Maternitat i Sant Ramon,46,34876
2021,4,Les Corts,20,la Maternitat i Sant Ramon,47,27177
2021,4,Les Corts,20,la Maternitat i Sant Ramon,48,29775
2021,4,Les Corts,20,la Maternitat i Sant Ramon,49,38494
2021,4,Les Corts,21,Pedralbes,50,46570
2021,4,Les Corts,21,Pedralbes,51,32777
2021,4,Les Corts,21,Pedralbes,52,46570
2021,4,Les Corts,21,Pedralbes,53,33251
2021,4,Les Corts,21,Pedralbes,54,43405
2021,4,Les Corts,21,Pedralbes,55,46570
2021,4,Les Corts,21,Pedralbes,56,46570
2021,4,Les Corts,20,la Maternitat i Sant Ramon,84,31958
2021,5,Sarrià-Sant Gervasi,22,"Vallvidrera, el Tibidabo i les Planes",1,19922
2021,5,Sarrià-Sant Gervasi,22,"Vallvidrera, el Tibidabo i les Planes",2,35782
2021,5,Sarrià-Sant Gervasi,22,"Vallvidrera, el Tibidabo i les Planes",3,36212
2021,5,Sarrià-Sant Gervasi,23,Sarrià,4,46570
2021,5,Sarrià-Sant Gervasi,23,Sarrià,5,46075
2021,5,Sarrià-Sant Gervasi,23,Sarrià,6,46570
2021,5,Sarrià-Sant Gervasi,23,Sarrià,7,40495
2021,5,Sarrià-Sant Gervasi,23,Sarrià,8,45660
2021,5,Sarrià-Sant Gervasi,23,Sarrià,9,35200
2021,5,Sarrià-Sant Gervasi,23,Sarrià,10,31231
2021,5,Sarrià-Sant Gervasi,23,Sarrià,11,37458
2021,5,Sarrià-Sant Gervasi,23,Sarrià,12,30604
2021,5,Sarrià-Sant Gervasi,23,Sarrià,13,32868
2021,5,Sarrià-Sant Gervasi,23,Sarrià,14,38190
2021,5,Sarrià-Sant Gervasi,23,Sarrià,15,34694
2021,5,Sarrià-Sant Gervasi,23,Sarrià,16,28487
2021,5,Sarrià-Sant Gervasi,23,Sarrià,17,46570
2021,5,Sarrià-Sant Gervasi,23,Sarrià,18,32905
2021,5,Sarrià-Sant Gervasi,23,Sarrià,19,42395
2021,5,Sarrià-Sant Gervasi,24,les Tres Torres,20,41036
2021,5,Sarrià-Sant Gervasi,24,les Tres Torres,21,46570
2021,5,Sarrià-Sant Gervasi,24,les Tres Torres,22,46570
2021,5,Sarrià-Sant Gervasi,24,les Tres Torres,23,28960
2021,5,Sarrià-Sant Gervasi,24,les Tres Torres,24,46570
2021,5,Sarrià-Sant Gervasi,24,les Tres Torres,25,46570
2021,5,Sarrià-Sant Gervasi,24,les Tres Torres,26,46570
2021,5,Sarrià-Sant Gervasi,24,les Tres Torres,27,46570
2021,5,Sarrià-Sant Gervasi,24,les Tres Torres,28,44528
2021,5,Sarrià-Sant Gervasi,24,les Tres Torres,29,46570
2021,5,Sarrià-Sant Gervasi,24,les Tres Torres,30,46570
2021,5,Sarrià-Sant Gervasi,25,Sant Gervasi- la Bonanova,31,46570
2021,5,Sarrià-Sant Gervasi,25,Sant Gervasi- la Bonanova,32,46570
2021,5,Sarrià-Sant Gervasi,25,Sant Gervasi- la Bonanova,33,42245
2021,5,Sarrià-Sant Gervasi,25,Sant Gervasi- la Bonanova,34,36156
2021,5,Sarrià-Sant Gervasi,25,Sant Gervasi- la Bonanova,35,46570
2021,5,Sarrià-Sant Gervasi,25,Sant Gervasi- la Bonanova,36,43567
2021,5,Sarrià-Sant Gervasi,25,Sant Gervasi- la Bonanova,37,31005
2021,5,Sarrià-Sant Gervasi,25,Sant Gervasi- la Bonanova,38,31859
2021,5,Sarrià-Sant Gervasi,25,Sant Gervasi- la Bonanova,39,42984
2021,5,Sarrià-Sant Gervasi,25,Sant Gervasi- la Bonanova,40,29944
2021,5,Sarrià-Sant Gervasi,25,Sant Gervasi- la Bonanova,41,34603
2021,5,Sarrià-Sant Gervasi,25,Sant Gervasi- la Bonanova,42,32414
2021,5,Sarrià-Sant Gervasi,25,Sant Gervasi- la Bonanova,43,30812
2021,5,Sarrià-Sant Gervasi,25,Sant Gervasi- la Bonanova,44,33419
2021,5,Sarrià-Sant Gervasi,25,Sant Gervasi- la Bonanova,45,38548
2021,5,Sarrià-Sant Gervasi,25,Sant Gervasi- la Bonanova,46,46570
2021,5,Sarrià-Sant Gervasi,25,Sant Gervasi- la Bonanova,47,41891
2021,5,Sarrià-Sant Gervasi,25,Sant Gervasi- la Bonanova,48,43424
2021,5,Sarrià-Sant Gervasi,26,Sant Gervasi- Galvany,49,46570
2021,5,Sarrià-Sant Gervasi,26,Sant Gervasi- Galvany,50,35255
2021,5,Sarrià-Sant Gervasi,26,Sant Gervasi- Galvany,51,45222
2021,5,Sarrià-Sant Gervasi,26,Sant Gervasi- Galvany,52,46570
2021,5,Sarrià-Sant Gervasi,26,Sant Gervasi- Galvany,53,46570
2021,5,Sarrià-Sant Gervasi,26,Sant Gervasi- Galvany,54,46570
2021,5,Sarrià-Sant Gervasi,26,Sant Gervasi- Galvany,55,46570
2021,5,Sarrià-Sant Gervasi,26,Sant Gervasi- Galvany,56,44654
2021,5,Sarrià-Sant Gervasi,26,Sant Gervasi- Galvany,57,46570
2021,5,Sarrià-Sant Gervasi,26,Sant Gervasi- Galvany,58,46570
2021,5,Sarrià-Sant Gervasi,26,Sant Gervasi- Galvany,59,41714
2021,5,Sarrià-Sant Gervasi,26,Sant Gervasi- Galvany,60,46570
2021,5,Sarrià-Sant Gervasi,26,Sant Gervasi- Galvany,61,33613
2021,5,Sarrià-Sant Gervasi,26,Sant Gervasi- Galvany,62,39116
2021,5,Sarrià-Sant Gervasi,26,Sant Gervasi- Galvany,63,42445
2021,5,Sarrià-Sant Gervasi,26,Sant Gervasi- Galvany,64,35749
2021,5,Sarrià-Sant Gervasi,26,Sant Gervasi- Galvany,65,32159
2021,5,Sarrià-Sant Gervasi,26,Sant Gervasi- Galvany,66,41827
2021,5,Sarrià-Sant Gervasi,26,Sant Gervasi- Galvany,67,39682
2021,5,Sarrià-Sant Gervasi,26,Sant Gervasi- Galvany,68,35779
2021,5,Sarrià-Sant Gervasi,26,Sant Gervasi- Galvany,69,33682
2021,5,Sarrià-Sant Gervasi,26,Sant Gervasi- Galvany,70,33042
2021,5,Sarrià-Sant Gervasi,26,Sant Gervasi- Galvany,71,31050
2021,5,Sarrià-Sant Gervasi,26,Sant Gervasi- Galvany,72,38847
2021,5,Sarrià-Sant Gervasi,26,Sant Gervasi- Galvany,73,32590
2021,5,Sarrià-Sant Gervasi,26,Sant Gervasi- Galvany,74,36897
2021,5,Sarrià-Sant Gervasi,26,Sant Gervasi- Galvany,75,34757
2021,5,Sarrià-Sant Gervasi,26,Sant Gervasi- Galvany,76,35558
2021,5,Sarrià-Sant Gervasi,26,Sant Gervasi- Galvany,77,37901
2021,5,Sarrià-Sant Gervasi,26,Sant Gervasi- Galvany,78,37472
2021,5,Sarrià-Sant Gervasi,26,Sant Gervasi- Galvany,79,34055
2021,5,Sarrià-Sant Gervasi,27,el Putxet i el Farró,80,31169
2021,5,Sarrià-Sant Gervasi,27,el Putxet i el Farró,81,30378
2021,5,Sarrià-Sant Gervasi,27,el Putxet i el Farró,82,28195
2021,5,Sarrià-Sant Gervasi,27,el Putxet i el Farró,83,27747
2021,5,Sarrià-Sant Gervasi,27,el Putxet i el Farró,84,28139
2021,5,Sarrià-Sant Gervasi,27,el Putxet i el Farró,85,26696
2021,5,Sarrià-Sant Gervasi,27,el Putxet i el Farró,86,28308
2021,5,Sarrià-Sant Gervasi,27,el Putxet i el Farró,87,31153
2021,5,Sarrià-Sant Gervasi,27,el Putxet i el Farró,88,31279
2021,5,Sarrià-Sant Gervasi,27,el Putxet i el Farró,89,32156
2021,5,Sarrià-Sant Gervasi,27,el Putxet i el Farró,90,28929
2021,5,Sarrià-Sant Gervasi,27,el Putxet i el Farró,91,29354
2021,5,Sarrià-Sant Gervasi,27,el Putxet i el Farró,92,41827
2021,5,Sarrià-Sant Gervasi,27,el Putxet i el Farró,93,35725
2021,5,Sarrià-Sant Gervasi,27,el Putxet i el Farró,94,38828
2021,5,Sarrià-Sant Gervasi,27,el Putxet i el Farró,95,26108
2021,5,Sarrià-Sant Gervasi,27,el Putxet i el Farró,96,26299
2021,5,Sarrià-Sant Gervasi,27,el Putxet i el Farró,97,31952
2021,5,Sarrià-Sant Gervasi,27,el Putxet i el Farró,98,27109
2021,6,Gràcia,28,Vallcarca i els Penitents,1,21994
2021,6,Gràcia,28,Vallcarca i els Penitents,2,23517
2021,6,Gràcia,28,Vallcarca i els Penitents,3,21726
2021,6,Gràcia,28,Vallcarca i els Penitents,4,24289
2021,6,Gràcia,28,Vallcarca i els Penitents,6,33473
2021,6,Gràcia,28,Vallcarca i els Penitents,7,25927
2021,6,Gràcia,28,Vallcarca i els Penitents,8,24831
2021,6,Gràcia,28,Vallcarca i els Penitents,9,33388
2021,6,Gràcia,28,Vallcarca i els Penitents,10,27797
2021,6,Gràcia,28,Vallcarca i els Penitents,11,26983
2021,6,Gràcia,28,Vallcarca i els Penitents,12,31153
2021,6,Gràcia,29,el Coll,13,22432
2021,6,Gràcia,29,el Coll,14,20906
2021,6,Gràcia,29,el Coll,15,19066
2021,6,Gràcia,29,el Coll,16,18261
2021,6,Gràcia,29,el Coll,17,19781
2021,6,Gràcia,30,la Salut,18,22546
2021,6,Gràcia,30,la Salut,19,23609
2021,6,Gràcia,30,la Salut,20,24111
2021,6,Gràcia,30,la Salut,21,27741
2021,6,Gràcia,30,la Salut,22,24271
2021,6,Gràcia,30,la Salut,23,32150
2021,6,Gràcia,30,la Salut,24,25068
2021,6,Gràcia,30,la Salut,25,26368
2021,6,Gràcia,30,la Salut,26,24460
2021,6,Gràcia,30,la Salut,27,26573
2021,6,Gràcia,31,la Vila de Gràcia,28,21968
2021,6,Gràcia,31,la Vila de Gràcia,29,25165
2021,6,Gràcia,31,la Vila de Gràcia,30,22349
2021,6,Gràcia,31,la Vila de Gràcia,31,25451
2021,6,Gràcia,31,la Vila de Gràcia,32,22385
2021,6,Gràcia,31,la Vila de Gràcia,33,23682
2021,6,Gràcia,31,la Vila de Gràcia,34,22469
2021,6,Gràcia,31,la Vila de Gràcia,35,27821
2021,6,Gràcia,31,la Vila de Gràcia,36,26278
2021,6,Gràcia,31,la Vila de Gràcia,37,25293
2021,6,Gràcia,31,la Vila de Gràcia,38,23624
2021,6,Gràcia,31,la Vila de Gràcia,39,22349
2021,6,Gràcia,31,la Vila de Gràcia,40,26160
2021,6,Gràcia,31,la Vila de Gràcia,41,26745
2021,6,Gràcia,31,la Vila de Gràcia,42,30928
2021,6,Gràcia,31,la Vila de Gràcia,43,25872
2021,6,Gràcia,31,la Vila de Gràcia,44,32322
2021,6,Gràcia,31,la Vila de Gràcia,45,25713
2021,6,Gràcia,31,la Vila de Gràcia,46,24464
2021,6,Gràcia,31,la Vila de Gràcia,47,21347
2021,6,Gràcia,31,la Vila de Gràcia,48,22755
2021,6,Gràcia,31,la Vila de Gràcia,49,24306
2021,6,Gràcia,31,la Vila de Gràcia,50,20774
2021,6,Gràcia,31,la Vila de Gràcia,51,25164
2021,6,Gràcia,31,la Vila de Gràcia,52,22651
2021,6,Gràcia,31,la Vila de Gràcia,53,22916
2021,6,Gràcia,31,la Vila de Gràcia,54,21094
2021,6,Gràcia,31,la Vila de Gràcia,55,22872
2021,6,Gràcia,31,la Vila de Gràcia,56,22341
2021,6,Gràcia,31,la Vila de Gràcia,57,21414
2021,6,Gràcia,31,la Vila de Gràcia,58,24964
2021,6,Gràcia,31,la Vila de Gràcia,59,23375
2021,6,Gràcia,31,la Vila de Gràcia,60,21975
2021,6,Gràcia,31,la Vila de Gràcia,61,22888
2021,6,Gràcia,31,la Vila de Gràcia,62,20692
2021,6,Gràcia,31,la Vila de Gràcia,63,21628
2021,6,Gràcia,32,el Camp d'en Grassot i Gràcia Nova,64,25188
2021,6,Gràcia,32,el Camp d'en Grassot i Gràcia Nova,65,27020
2021,6,Gràcia,32,el Camp d'en Grassot i Gràcia Nova,66,21799
2021,6,Gràcia,32,el Camp d'en Grassot i Gràcia Nova,67,24371
2021,6,Gràcia,32,el Camp d'en Grassot i Gràcia Nova,68,27563
2021,6,Gràcia,32,el Camp d'en Grassot i Gràcia Nova,69,25607
2021,6,Gràcia,32,el Camp d'en Grassot i Gràcia Nova,70,22959
2021,6,Gràcia,32,el Camp d'en Grassot i Gràcia Nova,71,24988
2021,6,Gràcia,32,el Camp d'en Grassot i Gràcia Nova,72,27475
2021,6,Gràcia,32,el Camp d'en Grassot i Gràcia Nova,73,23599
2021,6,Gràcia,32,el Camp d'en Grassot i Gràcia Nova,74,23320
2021,6,Gràcia,32,el Camp d'en Grassot i Gràcia Nova,75,27328
2021,6,Gràcia,32,el Camp d'en Grassot i Gràcia Nova,76,25230
2021,6,Gràcia,32,el Camp d'en Grassot i Gràcia Nova,77,21531
2021,6,Gràcia,32,el Camp d'en Grassot i Gràcia Nova,78,22255
2021,6,Gràcia,32,el Camp d'en Grassot i Gràcia Nova,79,24746
2021,6,Gràcia,32,el Camp d'en Grassot i Gràcia Nova,80,23633
2021,6,Gràcia,32,el Camp d'en Grassot i Gràcia Nova,81,23233
2021,6,Gràcia,32,el Camp d'en Grassot i Gràcia Nova,82,24492
2021,6,Gràcia,32,el Camp d'en Grassot i Gràcia Nova,83,26449
2021,6,Gràcia,32,el Camp d'en Grassot i Gràcia Nova,84,23439
2021,6,Gràcia,32,el Camp d'en Grassot i Gràcia Nova,85,25867
2021,6,Gràcia,32,el Camp d'en Grassot i Gràcia Nova,86,29894
2021,6,Gràcia,32,el Camp d'en Grassot i Gràcia Nova,87,27648
2021,6,Gràcia,32,el Camp d'en Grassot i Gràcia Nova,88,24579
2021,7,Horta-Guinardó,33,el Baix Guinardó,1,24454
2021,7,Horta-Guinardó,33,el Baix Guinardó,2,20495
2021,7,Horta-Guinardó,33,el Baix Guinardó,3,22294
2021,7,Horta-Guinardó,33,el Baix Guinardó,4,20332
2021,7,Horta-Guinardó,33,el Baix Guinardó,5,20393
2021,7,Horta-Guinardó,33,el Baix Guinardó,6,23169
2021,7,Horta-Guinardó,33,el Baix Guinardó,7,20251
2021,7,Horta-Guinardó,33,el Baix Guinardó,8,22431
2021,7,Horta-Guinardó,33,el Baix Guinardó,9,19850
2021,7,Horta-Guinardó,33,el Baix Guinardó,10,22240
2021,7,Horta-Guinardó,33,el Baix Guinardó,11,20865
2021,7,Horta-Guinardó,33,el Baix Guinardó,12,19526
2021,7,Horta-Guinardó,33,el Baix Guinardó,13,24267
2021,7,Horta-Guinardó,33,el Baix Guinardó,14,18466
2021,7,Horta-Guinardó,33,el Baix Guinardó,15,20835
2021,7,Horta-Guinardó,33,el Baix Guinardó,16,23332
2021,7,Horta-Guinardó,33,el Baix Guinardó,17,21022
2021,7,Horta-Guinardó,33,el Baix Guinardó,18,20431
2021,7,Horta-Guinardó,33,el Baix Guinardó,19,21046
2021,7,Horta-Guinardó,34,Can Baró,20,20945
2021,7,Horta-Guinardó,34,Can Baró,21,23545
2021,7,Horta-Guinardó,34,Can Baró,22,18934
2021,7,Horta-Guinardó,34,Can Baró,23,16675
2021,7,Horta-Guinardó,34,Can Baró,24,21212
2021,7,Horta-Guinardó,34,Can Baró,25,18426
2021,7,Horta-Guinardó,34,Can Baró,26,19556
2021,7,Horta-Guinardó,35,el Guinardó,27,18533
2021,7,Horta-Guinardó,35,el Guinardó,28,19674
2021,7,Horta-Guinardó,35,el Guinardó,29,22005
2021,7,Horta-Guinardó,35,el Guinardó,30,17594
2021,7,Horta-Guinardó,35,el Guinardó,31,17805
2021,7,Horta-Guinardó,35,el Guinardó,32,20554
2021,7,Horta-Guinardó,35,el Guinardó,33,21416
2021,7,Horta-Guinardó,35,el Guinardó,34,23520
2021,7,Horta-Guinardó,35,el Guinardó,35,23833
2021,7,Horta-Guinardó,35,el Guinardó,36,23842
2021,7,Horta-Guinardó,35,el Guinardó,37,20577
2021,7,Horta-Guinardó,35,el Guinardó,38,20446
2021,7,Horta-Guinardó,35,el Guinardó,39,21491
2021,7,Horta-Guinardó,35,el Guinardó,40,21412
2021,7,Horta-Guinardó,35,el Guinardó,41,19475
2021,7,Horta-Guinardó,35,el Guinardó,42,21522
2021,7,Horta-Guinardó,35,el Guinardó,43,20653
2021,7,Horta-Guinardó,35,el Guinardó,44,22407
2021,7,Horta-Guinardó,35,el Guinardó,45,19568
2021,7,Horta-Guinardó,35,el Guinardó,46,18956
2021,7,Horta-Guinardó,35,el Guinardó,47,19923
2021,7,Horta-Guinardó,35,el Guinardó,48,20975
2021,7,Horta-Guinardó,35,el Guinardó,49,20279
2021,7,Horta-Guinardó,35,el Guinardó,50,19064
2021,7,Horta-Guinardó,35,el Guinardó,51,19284
2021,7,Horta-Guinardó,36,la Font d'en Fargues,52,26057
2021,7,Horta-Guinardó,36,la Font d'en Fargues,53,22683
2021,7,Horta-Guinardó,36,la Font d'en Fargues,54,29841
2021,7,Horta-Guinardó,36,la Font d'en Fargues,55,30072
2021,7,Horta-Guinardó,36,la Font d'en Fargues,56,22984
2021,7,Horta-Guinardó,36,la Font d'en Fargues,57,23880
2021,7,Horta-Guinardó,36,la Font d'en Fargues,58,22272
2021,7,Horta-Guinardó,37,el Carmel,59,15668
2021,7,Horta-Guinardó,37,el Carmel,60,15088
2021,7,Horta-Guinardó,37,el Carmel,61,15918
2021,7,Horta-Guinardó,37,el Carmel,62,16121
2021,7,Horta-Guinardó,37,el Carmel,63,13331
2021,7,Horta-Guinardó,37,el Carmel,64,13968
2021,7,Horta-Guinardó,37,el Carmel,65,12669
2021,7,Horta-Guinardó,37,el Carmel,66,13639
2021,7,Horta-Guinardó,37,el Carmel,67,13594
2021,7,Horta-Guinardó,37,el Carmel,68,12958
2021,7,Horta-Guinardó,37,el Carmel,69,13844
2021,7,Horta-Guinardó,37,el Carmel,70,13717
2021,7,Horta-Guinardó,37,el Carmel,71,16968
2021,7,Horta-Guinardó,37,el Carmel,72,15982
2021,7,Horta-Guinardó,37,el Carmel,73,14161
2021,7,Horta-Guinardó,37,el Carmel,74,15206
2021,7,Horta-Guinardó,37,el Carmel,75,14186
2021,7,Horta-Guinardó,37,el Carmel,76,14466
2021,7,Horta-Guinardó,37,el Carmel,77,14497
2021,7,Horta-Guinardó,37,el Carmel,78,14166
2021,7,Horta-Guinardó,37,el Carmel,79,14537
2021,7,Horta-Guinardó,37,el Carmel,80,15694
2021,7,Horta-Guinardó,38,la Teixonera,81,17090
2021,7,Horta-Guinardó,38,la Teixonera,82,15584
2021,7,Horta-Guinardó,38,la Teixonera,83,15396
2021,7,Horta-Guinardó,38,la Teixonera,84,15929
2021,7,Horta-Guinardó,38,la Teixonera,85,16426
2021,7,Horta-Guinardó,38,la Teixonera,86,15682
2021,7,Horta-Guinardó,38,la Teixonera,87,16671
2021,7,Horta-Guinardó,38,la Teixonera,88,16773
2021,7,Horta-Guinardó,39,Sant Genís dels Agudells,89,20360
2021,7,Horta-Guinardó,39,Sant Genís dels Agudells,90,17195
2021,7,Horta-Guinardó,39,Sant Genís dels Agudells,91,17274
2021,7,Horta-Guinardó,39,Sant Genís dels Agudells,92,13924
2021,7,Horta-Guinardó,39,Sant Genís dels Agudells,93,17227
2021,7,Horta-Guinardó,40,Montbau,94,18841
2021,7,Horta-Guinardó,40,Montbau,95,19480
2021,7,Horta-Guinardó,40,Montbau,96,17595
2021,7,Horta-Guinardó,40,Montbau,97,21375
2021,7,Horta-Guinardó,41,la Vall d'Hebron,98,27789
2021,7,Horta-Guinardó,41,la Vall d'Hebron,99,23244
2021,7,Horta-Guinardó,41,la Vall d'Hebron,100,20397
2021,7,Horta-Guinardó,41,la Vall d'Hebron,101,20029
2021,7,Horta-Guinardó,42,la Clota,102,19570
2021,7,Horta-Guinardó,43,Horta,103,17958
2021,7,Horta-Guinardó,43,Horta,104,16911
2021,7,Horta-Guinardó,43,Horta,105,21256
2021,7,Horta-Guinardó,43,Horta,106,21169
2021,7,Horta-Guinardó,43,Horta,107,23756
2021,7,Horta-Guinardó,43,Horta,108,21109
2021,7,Horta-Guinardó,43,Horta,109,16498
2021,7,Horta-Guinardó,43,Horta,110,21203
2021,7,Horta-Guinardó,43,Horta,111,24473
2021,7,Horta-Guinardó,43,Horta,112,21165
2021,7,Horta-Guinardó,43,Horta,113,18567
2021,7,Horta-Guinardó,43,Horta,114,22637
2021,7,Horta-Guinardó,43,Horta,115,24490
2021,7,Horta-Guinardó,43,Horta,116,20211
2021,7,Horta-Guinardó,43,Horta,117,20803
2021,7,Horta-Guinardó,43,Horta,118,20265
2021,7,Horta-Guinardó,43,Horta,119,17419
2021,7,Horta-Guinardó,43,Horta,120,18075
2021,7,Horta-Guinardó,43,Horta,121,16652
2021,7,Horta-Guinardó,43,Horta,122,19036
2021,7,Horta-Guinardó,43,Horta,123,21247
2021,8,Nou Barris,44,Vilapicina i la Torre Llobeta,1,18619
2021,8,Nou Barris,44,Vilapicina i la Torre Llobeta,2,20920
2021,8,Nou Barris,44,Vilapicina i la Torre Llobeta,3,18810
2021,8,Nou Barris,44,Vilapicina i la Torre Llobeta,4,17017
2021,8,Nou Barris,44,Vilapicina i la Torre Llobeta,5,19317
2021,8,Nou Barris,44,Vilapicina i la Torre Llobeta,6,18894
2021,8,Nou Barris,44,Vilapicina i la Torre Llobeta,7,19908
2021,8,Nou Barris,44,Vilapicina i la Torre Llobeta,8,19433
2021,8,Nou Barris,44,Vilapicina i la Torre Llobeta,9,17750
2021,8,Nou Barris,44,Vilapicina i la Torre Llobeta,10,21528
2021,8,Nou Barris,44,Vilapicina i la Torre Llobeta,11,21197
2021,8,Nou Barris,44,Vilapicina i la Torre Llobeta,12,19477
2021,8,Nou Barris,44,Vilapicina i la Torre Llobeta,13,18335
2021,8,Nou Barris,44,Vilapicina i la Torre Llobeta,14,18739
2021,8,Nou Barris,44,Vilapicina i la Torre Llobeta,15,16338
2021,8,Nou Barris,44,Vilapicina i la Torre Llobeta,16,17715
2021,8,Nou Barris,44,Vilapicina i la Torre Llobeta,17,20588
2021,8,Nou Barris,44,Vilapicina i la Torre Llobeta,18,18970
2021,8,Nou Barris,44,Vilapicina i la Torre Llobeta,19,16906
2021,8,Nou Barris,45,Porta,20,17809
2021,8,Nou Barris,45,Porta,21,18740
2021,8,Nou Barris,45,Porta,22,18457
2021,8,Nou Barris,45,Porta,23,16282
2021,8,Nou Barris,45,Porta,24,17544
2021,8,Nou Barris,45,Porta,25,15648
2021,8,Nou Barris,45,Porta,26,18370
2021,8,Nou Barris,45,Porta,27,19670
2021,8,Nou Barris,45,Porta,28,16413
2021,8,Nou Barris,45,Porta,29,14677
2021,8,Nou Barris,45,Porta,30,16130
2021,8,Nou Barris,45,Porta,31,17531
2021,8,Nou Barris,45,Porta,32,17357
2021,8,Nou Barris,45,Porta,33,13105
2021,8,Nou Barris,45,Porta,34,13513
2021,8,Nou Barris,45,Porta,35,16822
2021,8,Nou Barris,45,Porta,36,13342
2021,8,Nou Barris,45,Porta,37,15708
2021,8,Nou Barris,46,el Turó de la Peira,38,14278
2021,8,Nou Barris,46,el Turó de la Peira,39,15393
2021,8,Nou Barris,46,el Turó de la Peira,40,12901
2021,8,Nou Barris,46,el Turó de la Peira,41,10421
2021,8,Nou Barris,46,el Turó de la Peira,42,17986
2021,8,Nou Barris,46,el Turó de la Peira,43,15774
2021,8,Nou Barris,46,el Turó de la Peira,44,12955
2021,8,Nou Barris,46,el Turó de la Peira,45,13018
2021,8,Nou Barris,46,el Turó de la Peira,46,14250
2021,8,Nou Barris,46,el Turó de la Peira,47,11704
2021,8,Nou Barris,47,Can Peguera,48,10587
2021,8,Nou Barris,47,Can Peguera,49,14074
2021,8,Nou Barris,48,la Guineueta,50,20546
2021,8,Nou Barris,48,la Guineueta,51,19839
2021,8,Nou Barris,48,la Guineueta,52,17653
2021,8,Nou Barris,48,la Guineueta,53,19513
2021,8,Nou Barris,48,la Guineueta,54,18394
2021,8,Nou Barris,48,la Guineueta,55,23280
2021,8,Nou Barris,48,la Guineueta,56,16457
2021,8,Nou Barris,48,la Guineueta,57,16670
2021,8,Nou Barris,48,la Guineueta,58,15394
2021,8,Nou Barris,48,la Guineueta,59,17389
2021,8,Nou Barris,49,Canyelles,60,18366
2021,8,Nou Barris,49,Canyelles,61,16214
2021,8,Nou Barris,49,Canyelles,62,17934
2021,8,Nou Barris,49,Canyelles,63,21115
2021,8,Nou Barris,49,Canyelles,64,15392
2021,8,Nou Barris,50,les Roquetes,65,11764
2021,8,Nou Barris,50,les Roquetes,66,10859
2021,8,Nou Barris,50,les Roquetes,67,13580
2021,8,Nou Barris,50,les Roquetes,68,11760
2021,8,Nou Barris,50,les Roquetes,69,12267
2021,8,Nou Barris,50,les Roquetes,70,11895
2021,8,Nou Barris,50,les Roquetes,71,12791
2021,8,Nou Barris,50,les Roquetes,72,14603
2021,8,Nou Barris,50,les Roquetes,73,11619
2021,8,Nou Barris,50,les Roquetes,74,11911
2021,8,Nou Barris,51,Verdun,75,14418
2021,8,Nou Barris,51,Verdun,76,14799
2021,8,Nou Barris,51,Verdun,77,11819
2021,8,Nou Barris,51,Verdun,78,12863
2021,8,Nou Barris,51,Verdun,79,12477
2021,8,Nou Barris,51,Verdun,80,13735
2021,8,Nou Barris,51,Verdun,81,12202
2021,8,Nou Barris,51,Verdun,82,14325
2021,8,Nou Barris,52,la Prosperitat,83,14698
2021,8,Nou Barris,52,la Prosperitat,84,15747
2021,8,Nou Barris,52,la Prosperitat,85,14023
2021,8,Nou Barris,52,la Prosperitat,86,15094
2021,8,Nou Barris,52,la Prosperitat,87,14897
2021,8,Nou Barris,52,la Prosperitat,88,15209
2021,8,Nou Barris,52,la Prosperitat,89,14689
2021,8,Nou Barris,52,la Prosperitat,90,15702
2021,8,Nou Barris,52,la Prosperitat,91,15137
2021,8,Nou Barris,52,la Prosperitat,92,16143
2021,8,Nou Barris,52,la Prosperitat,93,15080
2021,8,Nou Barris,52,la Prosperitat,94,16066
2021,8,Nou Barris,52,la Prosperitat,95,18923
2021,8,Nou Barris,52,la Prosperitat,96,15525
2021,8,Nou Barris,52,la Prosperitat,97,14681
2021,8,Nou Barris,52,la Prosperitat,98,13948
2021,8,Nou Barris,52,la Prosperitat,99,14631
2021,8,Nou Barris,52,la Prosperitat,100,14863
2021,8,Nou Barris,52,la Prosperitat,101,15681
2021,8,Nou Barris,52,la Prosperitat,102,12525
2021,8,Nou Barris,53,la Trinitat Nova,103,10632
2021,8,Nou Barris,53,la Trinitat Nova,104,12057
2021,8,Nou Barris,53,la Trinitat Nova,105,12152
2021,8,Nou Barris,53,la Trinitat Nova,106,11408
2021,8,Nou Barris,53,la Trinitat Nova,107,12288
2021,8,Nou Barris,54,Torre Baró,108,11558
2021,8,Nou Barris,54,Torre Baró,109,10692
2021,8,Nou Barris,55,Ciutat Meridiana,110,8889
2021,8,Nou Barris,55,Ciutat Meridiana,111,9847
2021,8,Nou Barris,55,Ciutat Meridiana,112,10180
2021,8,Nou Barris,55,Ciutat Meridiana,113,10143
2021,8,Nou Barris,55,Ciutat Meridiana,114,10721
2021,8,Nou Barris,55,Ciutat Meridiana,115,10544
2021,8,Nou Barris,56,Vallbona,116,11620
2021,8,Nou Barris,48,la Guineueta,215,19825
2021,9,Sant Andreu,57,la Trinitat Vella,1,9444
2021,9,Sant Andreu,57,la Trinitat Vella,2,11043
2021,9,Sant Andreu,57,la Trinitat Vella,3,11305
2021,9,Sant Andreu,57,la Trinitat Vella,4,11946
2021,9,Sant Andreu,57,la Trinitat Vella,5,15987
2021,9,Sant Andreu,58,Baró de Viver,6,12062
2021,9,Sant Andreu,58,Baró de Viver,7,10910
2021,9,Sant Andreu,59,el Bon Pastor,8,24979
2021,9,Sant Andreu,59,el Bon Pastor,9,17828
2021,9,Sant Andreu,59,el Bon Pastor,10,15129
2021,9,Sant Andreu,59,el Bon Pastor,11,12672
2021,9,Sant Andreu,59,el Bon Pastor,13,11026
2021,9,Sant Andreu,59,el Bon Pastor,14,12951
2021,9,Sant Andreu,59,el Bon Pastor,15,12847
2021,9,Sant Andreu,60,Sant Andreu,16,19907
2021,9,Sant Andreu,60,Sant Andreu,17,20002
2021,9,Sant Andreu,60,Sant Andreu,18,19998
2021,9,Sant Andreu,60,Sant Andreu,19,21931
2021,9,Sant Andreu,60,Sant Andreu,20,21728
2021,9,Sant Andreu,60,Sant Andreu,21,22274
2021,9,Sant Andreu,60,Sant Andreu,22,23019
2021,9,Sant Andreu,60,Sant Andreu,23,22379
2021,9,Sant Andreu,60,Sant Andreu,24,21307
2021,9,Sant Andreu,60,Sant Andreu,25,23242
2021,9,Sant Andreu,60,Sant Andreu,26,22597
2021,9,Sant Andreu,60,Sant Andreu,27,21946
2021,9,Sant Andreu,60,Sant Andreu,28,24820
2021,9,Sant Andreu,60,Sant Andreu,29,19381
2021,9,Sant Andreu,60,Sant Andreu,30,22085
2021,9,Sant Andreu,60,Sant Andreu,31,22495
2021,9,Sant Andreu,60,Sant Andreu,32,16440
2021,9,Sant Andreu,60,Sant Andreu,33,19252
2021,9,Sant Andreu,60,Sant Andreu,34,17209
2021,9,Sant Andreu,60,Sant Andreu,35,19506
2021,9,Sant Andreu,60,Sant Andreu,36,20885
2021,9,Sant Andreu,60,Sant Andreu,37,16369
2021,9,Sant Andreu,60,Sant Andreu,38,21896
2021,9,Sant Andreu,60,Sant Andreu,39,20648
2021,9,Sant Andreu,60,Sant Andreu,40,22593
2021,9,Sant Andreu,60,Sant Andreu,41,19686
2021,9,Sant Andreu,60,Sant Andreu,42,23391
2021,9,Sant Andreu,60,Sant Andreu,43,18938
2021,9,Sant Andreu,60,Sant Andreu,44,21294
2021,9,Sant Andreu,60,Sant Andreu,45,21327
2021,9,Sant Andreu,60,Sant Andreu,46,23084
2021,9,Sant Andreu,60,Sant Andreu,47,23112
2021,9,Sant Andreu,60,Sant Andreu,48,20297
2021,9,Sant Andreu,60,Sant Andreu,49,19119
2021,9,Sant Andreu,60,Sant Andreu,50,22574
2021,9,Sant Andreu,60,Sant Andreu,51,21913
2021,9,Sant Andreu,60,Sant Andreu,52,20543
2021,9,Sant Andreu,60,Sant Andreu,53,22896
2021,9,Sant Andreu,60,Sant Andreu,54,22076
2021,9,Sant Andreu,61,la Sagrera,55,16391
2021,9,Sant Andreu,61,la Sagrera,56,20384
2021,9,Sant Andreu,61,la Sagrera,57,17940
2021,9,Sant Andreu,61,la Sagrera,58,21115
2021,9,Sant Andreu,61,la Sagrera,59,19918
2021,9,Sant Andreu,61,la Sagrera,60,19235
2021,9,Sant Andreu,61,la Sagrera,61,23042
2021,9,Sant Andreu,61,la Sagrera,62,20548
2021,9,Sant Andreu,61,la Sagrera,63,22695
2021,9,Sant Andreu,61,la Sagrera,64,21138
2021,9,Sant Andreu,61,la Sagrera,65,18812
2021,9,Sant Andreu,61,la Sagrera,66,22144
2021,9,Sant Andreu,61,la Sagrera,67,17643
2021,9,Sant Andreu,61,la Sagrera,68,20865
2021,9,Sant Andreu,61,la Sagrera,69,19647
2021,9,Sant Andreu,61,la Sagrera,70,14301
2021,9,Sant Andreu,61,la Sagrera,71,17933
2021,9,Sant Andreu,61,la Sagrera,72,15508
2021,9,Sant Andreu,61,la Sagrera,73,20470
2021,9,Sant Andreu,62,el Congrés i els Indians,74,18673
2021,9,Sant Andreu,62,el Congrés i els Indians,75,18517
2021,9,Sant Andreu,62,el Congrés i els Indians,76,18532
2021,9,Sant Andreu,62,el Congrés i els Indians,77,19444
2021,9,Sant Andreu,62,el Congrés i els Indians,78,19357
2021,9,Sant Andreu,62,el Congrés i els Indians,79,21247
2021,9,Sant Andreu,62,el Congrés i els Indians,80,19732
2021,9,Sant Andreu,62,el Congrés i els Indians,81,19665
2021,9,Sant Andreu,62,el Congrés i els Indians,82,20538
2021,9,Sant Andreu,63,Navas,83,20600
2021,9,Sant Andreu,63,Navas,84,22376
2021,9,Sant Andreu,63,Navas,85,20513
2021,9,Sant Andreu,63,Navas,86,20128
2021,9,Sant Andreu,63,Navas,87,20913
2021,9,Sant Andreu,63,Navas,88,18176
2021,9,Sant Andreu,63,Navas,89,18826
2021,9,Sant Andreu,63,Navas,90,18886
2021,9,Sant Andreu,63,Navas,91,19860
2021,9,Sant Andreu,63,Navas,92,20466
2021,9,Sant Andreu,63,Navas,93,19907
2021,9,Sant Andreu,63,Navas,94,20641
2021,9,Sant Andreu,63,Navas,95,20584
2021,9,Sant Andreu,61,la Sagrera,156,18420
2021,10,Sant Martí,64,el Camp de l'Arpa del Clot,1,18115
2021,10,Sant Martí,64,el Camp de l'Arpa del Clot,2,19652
2021,10,Sant Martí,64,el Camp de l'Arpa del Clot,3,20151
2021,10,Sant Martí,64,el Camp de l'Arpa del Clot,4,20005
2021,10,Sant Martí,64,el Camp de l'Arpa del Clot,5,20692
2021,10,Sant Martí,64,el Camp de l'Arpa del Clot,6,22200
2021,10,Sant Martí,64,el Camp de l'Arpa del Clot,7,27541
2021,10,Sant Martí,64,el Camp de l'Arpa del Clot,8,21057
2021,10,Sant Martí,64,el Camp de l'Arpa del Clot,9,21580
2021,10,Sant Martí,64,el Camp de l'Arpa del Clot,10,19845
2021,10,Sant Martí,64,el Camp de l'Arpa del Clot,11,22760
2021,10,Sant Martí,64,el Camp de l'Arpa del Clot,12,22713
2021,10,Sant Martí,64,el Camp de l'Arpa del Clot,13,20644
2021,10,Sant Martí,64,el Camp de l'Arpa del Clot,14,19708
2021,10,Sant Martí,64,el Camp de l'Arpa del Clot,15,20610
2021,10,Sant Martí,64,el Camp de l'Arpa del Clot,16,22313
2021,10,Sant Martí,64,el Camp de l'Arpa del Clot,17,20714
2021,10,Sant Martí,64,el Camp de l'Arpa del Clot,18,19907
2021,10,Sant Martí,64,el Camp de l'Arpa del Clot,19,21278
2021,10,Sant Martí,64,el Camp de l'Arpa del Clot,20,18214
2021,10,Sant Martí,64,el Camp de l'Arpa del Clot,21,18979
2021,10,Sant Martí,64,el Camp de l'Arpa del Clot,22,20373
2021,10,Sant Martí,64,el Camp de l'Arpa del Clot,23,19146
2021,10,Sant Martí,64,el Camp de l'Arpa del Clot,24,21487
2021,10,Sant Martí,64,el Camp de l'Arpa del Clot,25,19525
2021,10,Sant Martí,65,el Clot,26,21989
2021,10,Sant Martí,65,el Clot,27,21539
2021,10,Sant Martí,65,el Clot,28,20310
2021,10,Sant Martí,65,el Clot,29,18998
2021,10,Sant Martí,65,el Clot,30,19824
2021,10,Sant Martí,65,el Clot,31,20420
2021,10,Sant Martí,65,el Clot,32,21136
2021,10,Sant Martí,65,el Clot,33,24252
2021,10,Sant Martí,65,el Clot,34,19226
2021,10,Sant Martí,65,el Clot,35,22776
2021,10,Sant Martí,65,el Clot,36,24126
2021,10,Sant Martí,65,el Clot,37,15165
2021,10,Sant Martí,65,el Clot,38,22422
2021,10,Sant Martí,65,el Clot,39,19207
2021,10,Sant Martí,65,el Clot,40,19892
2021,10,Sant Martí,65,el Clot,41,20947
2021,10,Sant Martí,66,el Parc i la Llacuna del Poblenou,42,18636
2021,10,Sant Martí,66,el Parc i la Llacuna del Poblenou,43,20145
2021,10,Sant Martí,66,el Parc i la Llacuna del Poblenou,44,21882
2021,10,Sant Martí,66,el Parc i la Llacuna del Poblenou,45,23642
2021,10,Sant Martí,66,el Parc i la Llacuna del Poblenou,46,23550
2021,10,Sant Martí,66,el Parc i la Llacuna del Poblenou,47,22921
2021,10,Sant Martí,66,el Parc i la Llacuna del Poblenou,48,24369
2021,10,Sant Martí,66,el Parc i la Llacuna del Poblenou,49,22281
2021,10,Sant Martí,66,el Parc i la Llacuna del Poblenou,50,23201
2021,10,Sant Martí,67,la Vila Olímpica del Poblenou,51,24252
2021,10,Sant Martí,67,la Vila Olímpica del Poblenou,52,32671
2021,10,Sant Martí,67,la Vila Olímpica del Poblenou,53,37475
2021,10,Sant Martí,67,la Vila Olímpica del Poblenou,54,31697
2021,10,Sant Martí,67,la Vila Olímpica del Poblenou,55,36493
2021,10,Sant Martí,68,el Poblenou,56,20321
2021,10,Sant Martí,68,el Poblenou,57,20201
2021,10,Sant Martí,68,el Poblenou,58,19460
2021,10,Sant Martí,68,el Poblenou,59,23466
2021,10,Sant Martí,68,el Poblenou,60,20493
2021,10,Sant Martí,68,el Poblenou,61,23429
2021,10,Sant Martí,68,el Poblenou,62,23564
2021,10,Sant Martí,68,el Poblenou,63,23344
2021,10,Sant Martí,68,el Poblenou,64,23764
2021,10,Sant Martí,68,el Poblenou,65,23635
2021,10,Sant Martí,68,el Poblenou,66,23146
2021,10,Sant Martí,68,el Poblenou,67,30316
2021,10,Sant Martí,68,el Poblenou,68,25950
2021,10,Sant Martí,68,el Poblenou,69,26456
2021,10,Sant Martí,68,el Poblenou,70,20971
2021,10,Sant Martí,68,el Poblenou,71,24249
2021,10,Sant Martí,68,el Poblenou,72,21663
2021,10,Sant Martí,68,el Poblenou,73,19113
2021,10,Sant Martí,68,el Poblenou,74,20212
2021,10,Sant Martí,68,el Poblenou,75,19962
2021,10,Sant Martí,69,Diagonal Mar i el Front Marítim del Poblenou,76,24632
2021,10,Sant Martí,69,Diagonal Mar i el Front Marítim del Poblenou,77,28664
2021,10,Sant Martí,69,Diagonal Mar i el Front Marítim del Poblenou,78,29057
2021,10,Sant Martí,69,Diagonal Mar i el Front Marítim del Poblenou,79,23442
2021,10,Sant Martí,69,Diagonal Mar i el Front Marítim del Poblenou,80,34144
2021,10,Sant Martí,70,el Besòs i el Maresme,81,15482
2021,10,Sant Martí,70,el Besòs i el Maresme,82,8743
2021,10,Sant Martí,70,el Besòs i el Maresme,83,7845
2021,10,Sant Martí,70,el Besòs i el Maresme,84,11161
2021,10,Sant Martí,70,el Besòs i el Maresme,85,9929
2021,10,Sant Martí,70,el Besòs i el Maresme,86,11718
2021,10,Sant Martí,70,el Besòs i el Maresme,87,11812
2021,10,Sant Martí,70,el Besòs i el Maresme,88,16678
2021,10,Sant Martí,70,el Besòs i el Maresme,89,11986
2021,10,Sant Martí,70,el Besòs i el Maresme,90,13782
2021,10,Sant Martí,70,el Besòs i el Maresme,91,15540
2021,10,Sant Martí,70,el Besòs i el Maresme,92,18661
2021,10,Sant Martí,70,el Besòs i el Maresme,93,20047
2021,10,Sant Martí,71,Provençals del Poblenou,94,22275
2021,10,Sant Martí,71,Provençals del Poblenou,95,17226
2021,10,Sant Martí,71,Provençals del Poblenou,96,23321
2021,10,Sant Martí,71,Provençals del Poblenou,97,24217
2021,10,Sant Martí,71,Provençals del Poblenou,98,21588
2021,10,Sant Martí,71,Provençals del Poblenou,99,14114
2021,10,Sant Martí,71,Provençals del Poblenou,100,17108
2021,10,Sant Martí,71,Provençals del Poblenou,101,17168
2021,10,Sant Martí,71,Provençals del Poblenou,102,16483
2021,10,Sant Martí,71,Provençals del Poblenou,103,18445
2021,10,Sant Martí,71,Provençals del Poblenou,104,22039
2021,10,Sant Martí,72,Sant Martí de Provençals,105,19644
2021,10,Sant Martí,72,Sant Martí de Provençals,106,18532
2021,10,Sant Martí,72,Sant Martí de Provençals,107,23574
2021,10,Sant Martí,72,Sant Martí de Provençals,108,18039
2021,10,Sant Martí,72,Sant Martí de Provençals,109,16702
2021,10,Sant Martí,72,Sant Martí de Provençals,110,16699
2021,10,Sant Martí,72,Sant Martí de Provençals,111,17449
2021,10,Sant Martí,72,Sant Martí de Provençals,112,22159
2021,10,Sant Martí,72,Sant Martí de Provençals,113,17512
2021,10,Sant Martí,72,Sant Martí de Provençals,114,14879
2021,10,Sant Martí,72,Sant Martí de Provençals,115,16106
2021,10,Sant Martí,72,Sant Martí de Provençals,116,15408
2021,10,Sant Martí,72,Sant Martí de Provençals,117,17062
2021,10,Sant Martí,72,Sant Martí de Provençals,118,22221
2021,10,Sant Martí,72,Sant Martí de Provençals,119,15422
2021,10,Sant Martí,72,Sant Martí de Provençals,120,16740
2021,10,Sant Martí,72,Sant Martí de Provençals,121,15960
2021,10,Sant Martí,72,Sant Martí de Provençals,122,20624
2021,10,Sant Martí,73,la Verneda i la Pau,123,18055
2021,10,Sant Martí,73,la Verneda i la Pau,124,18929
2021,10,Sant Martí,73,la Verneda i la Pau,125,16671
2021,10,Sant Martí,73,la Verneda i la Pau,126,18198
2021,10,Sant Martí,73,la Verneda i la Pau,127,19550
2021,10,Sant Martí,73,la Verneda i la Pau,128,19480
2021,10,Sant Martí,73,la Verneda i la Pau,129,19594
2021,10,Sant Martí,73,la Verneda i la Pau,130,18374
2021,10,Sant Martí,73,la Verneda i la Pau,131,21949
2021,10,Sant Martí,73,la Verneda i la Pau,132,16282
2021,10,Sant Martí,73,la Verneda i la Pau,133,15105
2021,10,Sant Martí,73,la Verneda i la Pau,134,15762
2021,10,Sant Martí,73,la Verneda i la Pau,135,16180
2021,10,Sant Martí,73,la Verneda i la Pau,136,16058
2021,10,Sant Martí,73,la Verneda i la Pau,137,14226
2021,10,Sant Martí,73,la Verneda i la Pau,138,12777
2021,10,Sant Martí,73,la Verneda i la Pau,139,13484
2021,10,Sant Martí,73,la Verneda i la Pau,140,13659
2021,10,Sant Martí,73,la Verneda i la Pau,141,14315
2021,10,Sant Martí,73,la Verneda i la Pau,142,13223
2021,10,Sant Martí,73,la Verneda i la Pau,143,15051
2021,10,Sant Martí,65,el Clot,234,19421
2021,10,Sant Martí,69,Diagonal Mar i el Front Marítim del Poblenou,235,17305
2021,10,Sant Martí,69,Diagonal Mar i el Front Marítim del Poblenou,236,17814
2021,10,Sant Martí,71,Provençals del Poblenou,237,15888
